{
    "settings": {
        "options": {
            "show_on_front": "posts",
            "posts_per_page": "6",
            "stylesheet": "pub\/canard",
            "featured-content": {
                "tag-id": 35890,
                "tag-name": "featured",
                "hide-tag": 0,
                "show-all": 0
            }
        },
        "theme_mods": {
            "0": false,
            "canard_author_bio": true,
            "nav_menu_locations": {
                "primary": "primary"
            },
            "header_textcolor": "#f15d24"
        },
        "headstart": {
            "mapped_id_options": [],
            "mapped_id_theme_mods": [],
            "keep_submenu_items": true
        }
    },
    "widgets": [
        {
            "id": "search-2",
            "id_base": "search",
            "settings": {
                "title": "Search"
            },
            "sidebar": "sidebar-1",
            "position": 1
        },
        {
            "id": "blog_subscription-3",
            "id_base": "blog_subscription",
            "settings": {
                "title": "Follow Blog via Email",
                "title_following": "You are following this blog",
                "subscribe_logged_in": "Click to follow this blog and receive notifications of new posts by email.",
                "subscribe_text": "Enter your email address to follow this blog and receive notifications of new posts by email.",
                "subscribe_button": "Follow",
                "show_subscribers_total": 1

            },
            "sidebar": "sidebar-1",
            "position": 2
        }
    ],
    "content": [
        {
            "post_title": "Contact",
            "post_content": "[contact-form][contact-field label=\"Name\" type=\"name\" required=\"1\"\/][contact-field label=\"Email\" type=\"email\" required=\"1\"\/][contact-field label=\"Comment\" type=\"textarea\" required=\"1\"\/][\/contact-form]",
            "post_status": "publish",
            "menu_order": 3,
            "comment_status": "closed",
            "ping_status": "closed",
            "post_type": "page",
            "hs_custom_meta": "_hs_contact_page",
            "hs_sharing": 0,
            "hs_like_status": 0,
            "hs_old_id": 101
        },
        {
            "post_title": "The Journey Begins",
            "post_content": "Thanks for joining me! <blockquote>Good company in a journey makes the way seem shorter. — Izaak Walton<\/blockquote><img class=\"wp-image-7 size-full\" src=\"https://headstartdata.files.wordpress.com/2018/02/post.png\" alt=\"post\" width=\"1000\" height=\"563\" \/>",
            "post_status": "publish",
            "comment_status": "open",
            "ping_status": "open",
            "post_type": "post",
            "hs_custom_meta": "_hs_first_post",
            "hs_sharing": 0,
            "hs_like_status": 0,
            "tags_input": [
                "featured"
            ],
            "attachment_url": "https:\/\/headstartdata.files.wordpress.com\/2016\/06\/astronaut-astronomy-discovery-2156.jpg",
            "hs_old_id": 102
        }
    ]
}
